{"is_source_file": true, "format": "Swift", "description": "This file contains unit tests for the TicTacToe iOS app, specifically testing the GameViewModel's reset functionality and cell state after taps.", "external_files": ["TicTacToeIOS"], "external_methods": ["GameViewModel.tapCell(at:)", "GameViewModel.reset()", "GameViewModel.cellTitle(at:)"], "published": [], "classes": [{"name": "TicTacToeIOSTests", "description": "Unit test case class for testing the TicTacToe iOS application's view model."}], "methods": [{"name": "testResetClearsBoard", "description": "Test that resetting the game clears the game board."}], "calls": ["GameViewModel.tapCell(at: 0)", "GameViewModel.tapCell(at: 1)", "GameViewModel.reset()", "XCTAssertEqual(vm.cellTitle(at: 0), \"\")", "XCTAssertEqual(vm.cellTitle(at: 1), \"\")"], "search-terms": ["XCTest", "TicTacToeIOSTests", "GameViewModel", "testResetClearsBoard", "reset", "cellTitle"], "state": 2, "file_id": 8, "knowledge_revision": 18, "git_revision": "1c5f7e9a4ed8c82e94454b5a0b50ef17b0cbc395", "hash": "5cd1f01aa1c3ed85c578a7d827d1e17e", "format-version": 4, "code-base-name": "ios_frontend", "filename": "ios_frontend/TicTacToeIOSTests/TicTacToeIOSTests.swift", "revision_history": [{"18": "1c5f7e9a4ed8c82e94454b5a0b50ef17b0cbc395"}]}