{"is_source_file": false, "format": "", "description": "", "external_files": [], "external_methods": [], "published": [], "classes": [], "methods": [], "calls": [], "search-terms": ["Contents.json", "AppIcon", "assets catalog", "iOS app icon set"], "state": 2, "file_id": 7, "knowledge_revision": 17, "git_revision": "1c5f7e9a4ed8c82e94454b5a0b50ef17b0cbc395", "hash": "73ac9a7bd69c76c31d3da7ec0199a331", "format-version": 4, "code-base-name": "ios_frontend", "filename": "ios_frontend/TicTacToeIOS/Assets.xcassets/AppIcon.appiconset/Contents.json", "revision_history": [{"17": "1c5f7e9a4ed8c82e94454b5a0b50ef17b0cbc395"}]}