{"is_source_file": true, "format": "Swift", "description": "This Swift source file defines the 'GameViewModel' class for managing the state and logic of a Tic-Tac-Toe game in an iOS app using SwiftUI. It includes game state management, player turn handling, win/draw detection, and UI-related properties.", "external_files": [], "external_methods": [], "published": ["cellTitle(at:)", "tapCell(at:)", "reset", "statusText", "statusColor"], "classes": [{"name": "GameViewModel", "description": "A view model class that manages the game state for Tic-Tac-Toe, including the game board, current player, game status, and win/draw logic."}, {"name": "Player", "description": "An internal enum representing the two players 'X' and 'O' with logic to get the next player."}, {"name": "GameState", "description": "An internal enum representing the current state of the game: playing, won by a player, or draw."}], "methods": [{"name": "cellTitle(at:)", "description": "Returns the display string for a cell at a given index, showing 'X', 'O', or empty."}, {"name": "tapCell(at:)", "description": "Handles user tapping a cell, updates the game board, checks for win or draw, and toggles the current player."}, {"name": "reset", "description": "Resets the game to initial state, clearing the board and resetting game variables."}, {"name": "statusText", "description": "Provides a string describing the current game status, such as whose turn it is or who won."}, {"name": "statusColor", "description": "Provides a color representing the current game state, used for UI display."}], "calls": ["Self.detectWin(in:)", "Self.isDraw(_)"], "search-terms": ["TicTacToe", "GameViewModel", "SwiftUI", "game logic", "win detection", "cell tap", "state management"], "state": 2, "file_id": 5, "knowledge_revision": 20, "git_revision": "c136e7ee51cc3c30c8ea3ba0a4bec03eea6729a8", "revision_history": [{"15": "1c5f7e9a4ed8c82e94454b5a0b50ef17b0cbc395"}, {"20": "c136e7ee51cc3c30c8ea3ba0a4bec03eea6729a8"}], "hash": "f6f3cc372de842bc8280fca52d5488d8", "format-version": 4, "code-base-name": "ios_frontend", "filename": "ios_frontend/TicTacToeIOS/GameViewModel.swift"}