{"is_source_file": false, "format": "", "description": "", "external_files": [], "external_methods": [], "published": [], "classes": [], "methods": [], "calls": [], "search-terms": [], "state": 2, "file_id": 6, "knowledge_revision": 16, "git_revision": "1c5f7e9a4ed8c82e94454b5a0b50ef17b0cbc395", "hash": "9deb2ada1cc834bbebf8bbad9c8978a1", "format-version": 4, "code-base-name": "ios_frontend", "filename": "ios_frontend/TicTacToeIOS/Assets.xcassets/Contents.json", "revision_history": [{"16": "1c5f7e9a4ed8c82e94454b5a0b50ef17b0cbc395"}]}