{"is_source_file": true, "format": "Swift", "description": "This file contains UI test cases for the Tic Tac Toe iOS application, specifically testing whether the app launches successfully.", "external_files": ["XCTest"], "external_methods": ["XCTestCase", "XCUIApplication", "app.launch()", "XCTAssertTrue"], "published": [], "classes": [{"name": "TicTacToeIOSUITests", "description": "A test class extending XCTestCase for UI testing of the Tic Tac Toe iOS app."}], "methods": [{"name": "testAppLaunches", "description": "A test method that launches the app and verifies it is running in the foreground."}], "calls": ["XCUIApplication()", "app.launch()", "XCTAssertTrue(app.state == .runningForeground)"], "search-terms": ["TicTacToeIOSUITests", "testAppLaunches", "XCTestCase", "XCUIApplication", "app.launch", "iOS UI test", "Swift XCTest"], "state": 2, "file_id": 9, "knowledge_revision": 19, "git_revision": "1c5f7e9a4ed8c82e94454b5a0b50ef17b0cbc395", "hash": "26ee2f745fef640a96f5ce589afd0881", "format-version": 4, "code-base-name": "ios_frontend", "filename": "ios_frontend/TicTacToeIOSUITests/TicTacToeIOSUITests.swift", "revision_history": [{"19": "1c5f7e9a4ed8c82e94454b5a0b50ef17b0cbc395"}]}