{"is_source_file": true, "format": "Swift", "description": "This Swift file defines the GameViewModel class responsible for managing the state and logic of a Tic-Tac-Toe game in an iOS app. It includes game state management, game logic such as detecting wins and draws, and provides methods and properties for UI binding.", "external_files": [], "external_methods": [], "published": ["cellTitle(at:)", "tapCell(at:)", "reset()", "statusText", "statusColor"], "classes": [{"name": "GameViewModel", "description": "ViewModel class for handling game logic and state for Tic-Tac-Toe game."}], "methods": [{"name": "cellTitle(at:)", "description": "Returns display title for the cell at a given index."}, {"name": "tapCell(at:)", "description": "Handles user tap on a cell, updating game state and checking for win/draw conditions."}, {"name": "reset()", "description": "Resets the game to initial state."}], "calls": ["Self.detectWin(in:)", "Self.isDraw(_)"], "search-terms": ["GameViewModel", "tic-tac-toe", "detectWin", "cellTitle", "tapCell", "gameState"], "state": 2, "file_id": 5, "knowledge_revision": 15, "git_revision": "1c5f7e9a4ed8c82e94454b5a0b50ef17b0cbc395", "hash": "b0e1ceb438c5a405c9c99d71c5fe5c5e", "format-version": 4, "code-base-name": "ios_frontend", "filename": "ios_frontend/TicTacToeIOS/GameViewModel.swift", "revision_history": [{"15": "1c5f7e9a4ed8c82e94454b5a0b50ef17b0cbc395"}]}