{"is_source_file": true, "format": "Swift", "description": "This is the main application file for a SwiftUI-based iOS Tic Tac Toe app. It defines the main entry point of the application with the 'TicTacToeIOSApp' struct conforming to 'App', setting up the main window scene to display 'ContentView'.", "external_files": ["ContentView"], "external_methods": [], "published": ["TicTacToeIOSApp"], "classes": [{"name": "TicTacToeIOSApp", "description": "Main entry point of the application conforming to 'App', sets up the main scene."}], "methods": [{"name": "body", "description": "Computed property that returns the main scene of the app, displaying 'ContentView'."}], "calls": ["WindowGroup", "ContentView()"], "search-terms": ["SwiftUI", "App", "Scene", "ContentView"], "state": 2, "file_id": 3, "knowledge_revision": 13, "git_revision": "1c5f7e9a4ed8c82e94454b5a0b50ef17b0cbc395", "hash": "740bb09961a13a5db850a1577803bc87", "format-version": 4, "code-base-name": "ios_frontend", "filename": "ios_frontend/TicTacToeIOS/TicTacToeIOSApp.swift", "revision_history": [{"13": "1c5f7e9a4ed8c82e94454b5a0b50ef17b0cbc395"}]}