{"is_source_file": false, "format": "", "description": "", "external_files": [], "external_methods": [], "published": [], "classes": [], "methods": [], "calls": [], "search-terms": [], "state": 2, "file_id": 2, "knowledge_revision": 10, "git_revision": "1c5f7e9a4ed8c82e94454b5a0b50ef17b0cbc395", "hash": "59d1c7ae2f7ca3e6d9fa04b783e1a54e", "format-version": 4, "code-base-name": "ios_frontend", "filename": "ios_frontend/README.md", "revision_history": [{"10": "1c5f7e9a4ed8c82e94454b5a0b50ef17b0cbc395"}]}