{"is_source_file": true, "format": "Swift", "description": "This file contains the SwiftUI implementation of the main user interface for a Tic Tac Toe game. It defines the ContentView structure with its visual layout, including game status, game board, and reset button, as well as the CellButton component for individual cells.", "external_files": ["GameViewModel"], "external_methods": ["viewModel.reset()", "viewModel.statusText", "viewModel.statusColor", "viewModel.cellTitle(at:)", "viewModel.winningLine.contains(_)", "viewModel.tapCell(at:)"], "published": ["ContentView"], "classes": [], "methods": [{"name": "body", "description": "Defines the main view hierarchy including header, game board, and reset button."}, {"name": "board", "description": "Creates a grid of cells representing the Tic Tac Toe board using LazyVGrid, binding each cell to the ViewModel's state."}], "calls": ["viewModel.reset()", "viewModel.statusText", "viewModel.statusColor", "viewModel.cellTitle(at:)", "viewModel.winningLine.contains(_)", "viewModel.tapCell(at:)"], "search-terms": ["SwiftUI", "ContentView", "Tic Tac Toe", "game board UI", "ContentView structure", "CellButton component", "ViewModel bindings"], "state": 2, "file_id": 4, "knowledge_revision": 21, "git_revision": "c136e7ee51cc3c30c8ea3ba0a4bec03eea6729a8", "revision_history": [{"14": "1c5f7e9a4ed8c82e94454b5a0b50ef17b0cbc395"}, {"21": "c136e7ee51cc3c30c8ea3ba0a4bec03eea6729a8"}], "hash": "92c72cec4deb9290b6761d8b18b7968b", "format-version": 4, "code-base-name": "ios_frontend", "filename": "ios_frontend/TicTacToeIOS/ContentView.swift"}