{"is_source_file": true, "format": "Swift", "description": "This file defines the main user interface for a Tic Tac Toe game using SwiftUI, including the ContentView struct which manages the game board, status display, and reset button, and a CellButton view component for individual cells.", "external_files": [], "external_methods": [], "published": ["ContentView", "CellButton"], "classes": [{"name": "ContentView", "description": "Main view struct for the Tic Tac Toe game UI, controls game display, user interactions, and links to the view model."}, {"name": "CellButton", "description": "A SwiftUI View representing an individual cell on the game board, displaying the cell's title and styling based on game state."}], "methods": [{"name": "body", "description": "Defines the main UI layout of the ContentView, including the game title, status text, game board grid, and reset button."}, {"name": "board", "description": "Computed property that constructs the grid layout for the game cells."}, {"name": "body", "description": "Defines the layout and appearance of an individual CellButton."}], "calls": ["viewModel.reset()", "viewModel.cellTitle(at:)", "viewModel.winningLine.contains()", "viewModel.tapCell(at:)"], "search-terms": ["SwiftUI TicTacToe", "ContentView", "CellButton", "game board", "reset button", "view model interaction", "grid layout"], "state": 2, "file_id": 4, "knowledge_revision": 14, "git_revision": "1c5f7e9a4ed8c82e94454b5a0b50ef17b0cbc395", "hash": "9b9a765bc7b95b8899633acf1101b0b3", "format-version": 4, "code-base-name": "ios_frontend", "filename": "ios_frontend/TicTacToeIOS/ContentView.swift", "revision_history": [{"14": "1c5f7e9a4ed8c82e94454b5a0b50ef17b0cbc395"}]}